

Researchers
===================================


Graduate students
-------------------------

+---------------------------------------+-----------------------------------------------------------+
| .. image:: images/oohori.png          |  :ref:`Yusuke Ohori <label-yusuke>`                       |
|      :width: 90%                      |                                                           |
+---------------------------------------+-----------------------------------------------------------+
| .. image:: images/sueyoshi.png        |  :ref:`Fumika Sueyoshi <label-fumika>`                    |
|      :width: 90%                      |                                                           |
+---------------------------------------+-----------------------------------------------------------+
| .. image:: images/yamaguchi.png       |  :ref:`Sachiho Yamaguchi <label-sachiho>`                 |
|      :width: 90%                      |                                                           |
+---------------------------------------+-----------------------------------------------------------+
| .. image:: images/nakanishi.png       |  :ref:`Akira Nakanishi <label-nakanishi>`                 |
|      :width: 90%                      |                                                           |
+---------------------------------------+-----------------------------------------------------------+
| .. image:: images/kiyosawa.png        |  :ref:`Shuhei Kiyosawa <label-shuhei>`                    |
|      :width: 90%                      |                                                           |
+---------------------------------------+-----------------------------------------------------------+





Honors students
-----------------------

+---------------------------------------+-----------------------------------------------------------+
| .. image:: images/shibata.png         |  :ref:`Yuhei Shibata <label-shibata>`                     |
|      :width: 100%                     |                                                           |
+---------------------------------------+-----------------------------------------------------------+
| .. image:: images/onouchi.png         |  :ref:`Yuito Onouchi <label-onouchi>`                     |
|      :width: 100%                     |                                                           |
+---------------------------------------+-----------------------------------------------------------+
| .. image:: images/nagaya.png          |  :ref:`Toshinari Nagaya <label-nagaya>`                   |
|      :width: 100%                     |                                                           |
+---------------------------------------+-----------------------------------------------------------+
| .. image:: images/hirose.png          |  :ref:`James Hirose <label-hirose>`                       |
|      :width: 100%                     |                                                           |
+---------------------------------------+-----------------------------------------------------------+



.. toctree::
   :hidden:

   Yusuke.rst

.. toctree::
   :hidden:

   Fumika.rst

.. toctree::
   :hidden:

   Sachiho.rst


.. toctree::
   :hidden:

   Shuhei.rst

.. toctree::
   :hidden:

   Nakanishi.rst


.. toctree::
   :hidden:

   Shibata.rst

.. toctree::
   :hidden:

   Onouchi.rst

.. toctree::
   :hidden:

   Hirose.rst

.. toctree::
   :hidden:

   Nagaya.rst


